Column 1,Column 2,Column 3,Column 4,Column 5,Column 6,Column 7,Column 8,Column 9,Column 10,Column 11,Column 12
22/09/2026 17:54:23,Mayur Jain ,25BTRCA033,B.tech ( CSE - AI),mayurjain30112007@gmail.com,9381140504,Photography Team Lead,Photography Team,https://drive.google.com/open?id=1fl1jGHLf2kjBY09lk77D7hJRxA3wKU6B,,,
22/09/2026 18:31:44,Nikhith Gowda S,24BTRCP016,CSE CPS,juug24btech22965@jainuniversity.ac.in,8904376639,Technical Team Member,Tech Team,https://drive.google.com/open?id=1twC4OjEoktlPNIyK3v_vxIYXBbcyKhDG,,https://www.linkedin.com/in/nikhith-gowda-s,
22/09/2026 19:23:45,Alby Thomas,25BTRCC008,CSEY-CYS,juug25btech16297@jainuniversity.ac.in,6235131807,Member,Photography Team,https://drive.google.com/open?id=1sOD4puE6gEMU99tkxj55xKlOmJ3oWrqU,,,
22/09/2026 19:52:50,TR Samriddhi,24BTRCT133,CSE STAR,samriddhi0108@gmail.com,7204970501,Design Team Lead,Design Team,https://drive.google.com/open?id=15ZTcKdtiXcM_3RNPQvRPkFi9OV2t_n0X,,https://www.linkedin.com/in/trsamriddhiviewmyprofile?utm_source=share_via&utm_content=profile&utm_medium=member_android,
25/09/2026 13:05:28,Shinjini pal,24BTRCT121,CSE GENERAL -D,shinjinipal.19@gmail.com,6033392527,Operations Co-Lead,Operation Team,https://drive.google.com/open?id=1oQeWGGPgQIG5lMLS4VlGSgD5n48lsmeX,,https://www.linkedin.com/in/shinjini-pal-120086220?utm_source=share_via&utm_content=profile&utm_medium=member_android,
25/09/2026 14:17:47,Prachi Priya,24BTREC038,ECE,dropmailstoprachi@gmail.com,9110178528,Social media lead,Social Media Team,https://drive.google.com/open?id=1F_eMMjr2soztEpD4lLA5_ETWJjG1S5-s,,https://linkedin.com/in/prachi-priya-7a2930284,
25/09/2026 15:08:00,Ashel Jonita Noronha ,24BTREC017 ,Ece,ashelnor@gmail.com,9036667250,Co-Lead,Social Media Team,https://drive.google.com/open?id=1NLyBc7Cm_TEtqEKnqUkpMi5-zNs_EOMe,,https://www.linkedin.com/in/ashel-noronha-6b19b7328?utm_source=share_via&utm_content=profile&utm_medium=member_android,
25/09/2026 15:19:32,Shorya Saxena,24BTRCT122,CSE GEN,shoryasaxena116@gmail.com,7224993331,Event management lead,Event Management Team,https://drive.google.com/open?id=12lcrVsy1rphiJ9aV_DYNH7CNIurZYp8E,,https://www.linkedin.com/in/shorya-saxena-07b386323,
25/09/2026 17:07:41,Spoorthi Shashi Kumar,25BTRPW089,CSE - Gen (E),spoorthisk77@gmail.com,9900132475,Tech Co lead,Tech Team,Tech Team,,https://www.linkedin.com/in/spoorthi-shashi-kumar-9091763b4?utm_source=share_via&utm_content=profile&utm_medium=member_android,
25/09/2026 18:35:40,Aryan Bhojgaria ,25BTRGA010,Cse-GenAI IBM-A,aryanbhojgaria@gmail.com,7677138628,Event management co-lead,Event Management Team,https://drive.google.com/open?id=1O3K4D9__XsLYVhHBUNzZWXdQhvGLfIn5,,https://www.linkedin.com/in/aryan-bhojgaria-bab2063b2,
26/09/2026 18:05:56,Sibaprasad Panigrahy ,24BTRBT026,BCT,Sibaprasadpanigrahy00@gmail.com,6372280722,Secratary,,https://drive.google.com/open?id=1_F0JrZ3tz-vB4gFcJw3UC_qk5RDD7AFl,,https://www.linkedin.com/in/sibaprasad-panigrahy-371920325?utm_source=share_via&utm_content=profile&utm_medium=member_android,
26/09/2026 18:41:21,Prathick Raj P ,25BTRIS035 ,ISE ,Prathickraj20@gmail.com,8904564223,,Event Management Team,https://drive.google.com/open?id=1sJiUEUnLaRNIscGhhxarM0Z-8MVpg8F_,,https://www.linkedin.com/in/prathick-raj-44372838a?utm_source=share&utm_campaign=share_via&utm_content=profile&utm_medium=android_app,
27/09/2026 00:03:55,Pushpanjali gupta ,25BTRCA066,CSE-AI,pushpanjalig193@gmail.com,8862869509,Outreach and marketing team,Operation Team,https://drive.google.com/open?id=1sMOoVOru74y0cPTKUQTv3vx219iSmSTl,,,
28/09/2026 00:13:38,Vishwajeet Kshirsagar ,24BTREC052,ECE,vrkshirsagar06@gmail.com,9945513594,club member,Tech Team,https://drive.google.com/open?id=1cJGfiJXDlPD3zOL5J45fX2JLrWZ-lvG4,,linkedin.com/in/vishwajeet-kshirsagar,
28/09/2026 11:56:39,Abhyoday Kumar,24BTRCT153,CSE-GEN,abhyodaysingh993@gmail.com,7903588617,Tech Lead,Tech Team,https://drive.google.com/open?id=1hg3BU3dYCYIVrb19V49KK1JVz1WbGIFj,,https://www.linkedin.com/in/abhyoday-kumar-6aa715319/,
28/09/2026 14:50:31,Vaibhav Jain ,25BTRGA097,CSE GEN AI ,vaibhavj00673@gmail.com,8267077640,OPERATION LEAD,Operation Team,https://drive.google.com/open?id=1dk3uG_mjbrZ398nmRkWi4h0pUXpimOSI,,https://www.linkedin.com/in/vaibhav-jain-6249b8271?utm_source=share_via&utm_content=profile&utm_medium=member_android,
28/09/2026 22:06:25,Anjishth Anand,24BTRCT015,Cse General ,Anjishth.anand06@gmail.com,9140230878,Tech Member,Tech Team,https://drive.google.com/open?id=1c1J2IJjaOWuIGk12asJvBslekqTktfsQ,,https://www.linkedin.com/in/anjishth,
28/09/2026 22:09:45,Yati Mehta,24BTRCT150,Cse,yatimehta10@gmail.com,9351575027,President ,,https://drive.google.com/open?id=1POhbV_y6lhWigTK88LRR4_5Mv8tfRpuZ,,https://www.linkedin.com/in/yati-mehta-637194322?utm_source=share&utm_campaign=share_via&utm_content=profile&utm_medium=ios_app,